Activity Id,Date,Type,Route Name,Distance (km),Duration,Average Pace,Average Speed (km/h),Calories Burned,Climb (m),Average Heart Rate (bpm),Friend's Tagged,Notes,GPX File
f64a0850-5460-4d8b-9a7c-605bdd66c83b,2025-02-22 20:51:37,Running,,5.04,28:04,5:34,10.77,419.0,55,,"","",2025-02-22-205137.gpx
0dcec97e-0f2a-4cfc-a891-ca49f728f5b6,2025-02-19 20:50:45,Running,,6.15,32:19,5:15,11.43,514.0,99,,"","",2025-02-19-205045.gpx
fbed811e-2163-4c7e-8186-abc94c5b28bd,2025-02-17 21:07:03,Running,,6.47,36:04,5:35,10.76,562.0,131,,"","",2025-02-17-210703.gpx
4970e19a-8405-479b-81cb-d9d88116dea0,2025-02-13 20:54:06,Running,,4.01,23:21,5:49,10.30,344.0,58,,"","",2025-02-13-205406.gpx
7588b727-bbe5-4c80-98b4-beb6353b5a61,2025-02-11 22:00:20,Running,,5.01,28:06,5:36,10.71,415.0,37,,"","",2025-02-11-220020.gpx
8150e499-b0d3-4b19-bd8d-0fa5d31cc26c,2025-02-10 20:47:32,Running,,5.02,27:31,5:29,10.94,448.0,118,,"","",2025-02-10-204732.gpx
7bc3c673-4889-4a17-ac00-9df97ab8454a,2025-02-03 21:53:36,Running,,2.42,13:17,5:30,10.91,200.0,21,,"","",2025-02-03-215336.gpx
1700ad16-a3b1-4c51-aa8f-5aeac3ce4ca2,2025-01-31 19:37:42,Running,,5.44,33:04,6:05,9.87,458.0,58,,"","",2025-01-31-193742.gpx
97eb79da-1375-47bc-b180-9dfa2d048361,2025-01-24 20:52:14,Running,,5.01,27:49,5:33,10.81,421.0,52,,"","",2025-01-24-205214.gpx
a831bb8f-3226-4c05-8b6a-0e08d2cfbb20,2025-01-22 20:58:02,Running,,4.04,21:29,5:19,11.29,339.0,42,,"","",2025-01-22-205802.gpx
daed1437-50eb-46ad-9135-3db4e0f09231,2025-01-19 20:37:10,Running,,3.02,17:14,5:42,10.53,259.0,40,,"","",2025-01-19-203710.gpx
f7615245-aa38-4343-8868-4ab0dedcbe0e,2025-01-17 19:34:28,Running,,5.02,29:15,5:50,10.29,419.0,55,,"","",2025-01-17-193428.gpx
a4745321-d957-4221-8f33-d35af53d32cf,2025-01-16 20:48:29,Running,,4.13,24:31,5:56,10.10,347.0,44,,"","",2025-01-16-204829.gpx
bb16b55d-9490-49dc-b091-c43eef17964b,2025-01-14 21:01:16,Running,,3.01,17:09,5:41,10.54,255.0,37,,"","",2025-01-14-210116.gpx
0f3a8f71-50e9-42d1-9154-b6ba8ef0aee8,2025-01-13 21:29:04,Running,,3.11,17:15,5:33,10.82,254.0,19,,"","",2025-01-13-212904.gpx
83d7fdf1-7dce-4071-96f2-1fcf0c45c2c3,2025-01-12 21:35:26,Running,,3.01,16:02,5:20,11.27,247.0,16,,"","",2025-01-12-213526.gpx
2731db7f-3f20-47ee-8b6c-41b6bd888810,2025-01-09 20:12:34,Walking,,5.03,48:22,9:37,6.24,314.0,50,,"","",2025-01-09-201234.gpx
9eca25f5-fcfa-4c1c-9b93-3e1dc1a66469,2025-01-04 21:57:44,Running,,3.01,18:06,6:01,9.98,269.0,77,,"","",2025-01-04-215744.gpx
4358ae56-117b-476b-a426-0fd5a3da11d5,2025-01-03 19:42:58,Running,,4.01,21:47,5:26,11.05,329.0,49,,"","",2025-01-03-194258.gpx
9d365af3-55fe-47fd-bbb9-edbae5bc4984,2024-12-31 11:04:13,Running,,2.05,10:04,4:54,12.24,160.0,20,,"","",2024-12-31-110413.gpx
217b8412-fa99-42e2-8d8f-7c4fafb3fae4,2024-12-29 20:45:13,Running,,3.01,15:51,5:16,11.41,247.0,32,,"","",2024-12-29-204513.gpx
75ac69e2-fd3c-4738-96be-f7f5fc9c4b41,2024-12-23 22:12:54,Running,,2.02,9:10,4:33,13.21,148.0,19,,"","",2024-12-23-221254.gpx
edf70b8b-ce36-49e2-8fee-169618a4cff6,2024-12-18 08:47:35,Running,,2.03,10:51,5:21,11.21,167.0,23,,"","",2024-12-18-084735.gpx
59c26f4d-ee17-43d3-a858-a1ef27f27572,2024-12-16 21:20:46,Running,,2.89,16:04,5:33,10.80,243.0,34,,"","",2024-12-16-212046.gpx
6ea797a4-8f3e-4e7f-8ff0-cc93e635f27a,2024-11-14 04:43:54,Running,,2.02,10:19,5:06,11.76,178.0,40,,"","",2024-11-14-044354.gpx
28f07b9a-fca6-410a-ba04-020c59c28a7d,2024-11-13 07:56:42,Running,,3.03,15:06,4:59,12.03,252.0,30,,"","",2024-11-13-075642.gpx
15697bd0-28f5-4b69-a91a-5c611ef9af13,2024-11-11 07:57:32,Running,,2.01,8:52,4:25,13.60,166.0,29,,"","",2024-11-11-075732.gpx
1e670f1f-c860-4ed1-93b6-c98755eb5422,2024-11-10 21:35:46,Running,,3.14,14:40,4:40,12.84,254.0,33,,"","",2024-11-10-213546.gpx
017dbca2-5115-4bfc-aff4-2e2e72be48c9,2024-11-10 17:04:49,Running,,1.21,9:24,7:47,7.70,91.0,11,,"","",2024-11-10-170449.gpx
dd158ee9-dab9-4106-9205-4eb7ad839d83,2024-11-06 20:24:06,Running,,3.01,14:03,4:40,12.87,241.0,12,,"","",2024-11-06-202406.gpx
b5f63a50-78fa-4377-b8c0-6a05d8875f7b,2024-11-02 21:22:14,Running,,3.02,14:29,4:48,12.50,250.0,30,,"","",2024-11-02-212214.gpx
32aeabd4-c42b-4902-b428-e04dfaf5e1f1,2024-10-31 21:05:11,Running,,3.02,14:44,4:53,12.29,246.0,30,,"","",2024-10-31-210511.gpx
83ef54b3-61a0-4454-a410-6deb8cc5a54e,2024-10-30 19:51:06,Running,,3.14,15:25,4:54,12.23,258.0,34,,"","",2024-10-30-195106.gpx
aac84c2b-6b12-43fb-a6db-efe4dc59825d,2024-10-29 06:50:47,Running,,3.01,14:55,4:57,12.10,248.0,30,,"","",2024-10-29-065047.gpx
35c232e0-8ef3-4195-8767-1cf0a4c79ff9,2024-10-28 07:46:41,Running,,3.01,14:37,4:51,12.36,251.0,31,,"","",2024-10-28-074641.gpx
ae7febe9-5f61-4912-853d-7cb151ad4238,2024-10-24 20:40:14,Running,,3.04,15:30,5:06,11.77,249.0,28,,"","",2024-10-24-204014.gpx
ab2139c6-146e-4358-85df-1e3743f4d72d,2024-10-22 20:17:24,Running,,2.02,10:43,5:18,11.32,170.0,24,,"","",2024-10-22-201724.gpx
62350d84-3e28-4eab-a2da-6314c6056cbf,2024-10-21 21:17:07,Running,,4.01,20:59,5:14,11.47,329.0,26,,"","",2024-10-21-211707.gpx
e9db8f44-2bb0-443f-a027-192a9db9c47a,2024-10-20 08:13:53,Running,,3.10,15:44,5:05,11.81,254.0,29,,"","",2024-10-20-081353.gpx
7d34de8a-9298-41a8-b978-29f92266db0f,2024-10-17 19:53:55,Running,,3.09,16:36,5:22,11.17,258.0,31,,"","",2024-10-17-195355.gpx
35cbffc5-a052-4013-9fa8-99d190715d08,2024-10-16 07:56:56,Running,,3.04,15:58,5:15,11.42,253.0,31,,"","",2024-10-16-075656.gpx
b12ba066-a4bf-4ce3-a375-027b1fa4d41c,2024-10-15 16:57:04,Running,,3.01,16:17,5:24,11.10,253.0,37,,"","",2024-10-15-165704.gpx
612c2da9-e8a0-4ef5-be06-dce7ca840328,2024-10-13 20:39:00,Running,,3.17,17:25,5:30,10.91,266.0,33,,"","",2024-10-13-203900.gpx
0491e7b4-513f-48c4-81be-c8e5e42eb056,2024-10-12 07:52:00,Running,,3.12,15:03,4:50,12.42,260.0,32,,"","",2024-10-12-075200.gpx
40ffe46b-fe00-48bf-9d09-392d4bc63190,2024-10-11 20:15:00,Cycling,,17.54,1:07:19,3:50,15.63,514.0,288,,"","",2024-10-11-201500.gpx
5baeb795-2fc1-45bf-bbf0-8079effb4d77,2024-10-11 09:55:58,Running,,3.01,15:33,5:10,11.62,244.0,27,,"","",2024-10-11-095558.gpx
da57c964-4e3f-4a7c-a7fe-2ae2d0dda5de,2024-10-10 07:50:59,Running,,1.63,9:32,5:51,10.27,145.0,45,,"","",2024-10-10-075059.gpx
d0423d2b-7c82-4833-8d57-267e1de9f289,2024-10-09 08:17:32,Running,,3.04,15:04,4:57,12.12,248.0,33,,"","",2024-10-09-081732.gpx
bf7aa571-ae64-416e-848a-bcf9bb65b92b,2024-10-08 17:29:57,Running,,3.02,15:12,5:02,11.90,249.0,29,,"","",2024-10-08-172957.gpx
fe598df2-9e89-4780-8c2a-664baa87cdb1,2024-10-07 18:13:44,Running,,3.02,12:34,4:09,14.43,245.0,34,,"","",2024-10-07-181344.gpx
b4464959-5b78-4037-8cb2-bbc64c77162c,2024-10-07 08:01:21,Running,,3.01,14:31,4:50,12.43,245.0,28,,"","",2024-10-07-080121.gpx
d4ab3341-caea-4d8c-8d6d-b0b1c8722377,2024-10-06 09:26:44,Running,,3.01,14:49,4:55,12.20,250.0,29,,"","",2024-10-06-092644.gpx
185a403e-ab2e-4839-aa65-41897b6e3534,2024-10-05 17:23:59,Hiking,,4.21,1:17:35,18:25,3.26,422.0,261,,"","",2024-10-05-172359.gpx
3d382990-ee17-4594-9d49-b808842eb728,2024-10-04 07:37:15,Hiking,,3.54,32:41,9:13,6.51,320.0,106,,"","",2024-10-04-073715.gpx
79cfe6ca-b194-46f8-bc64-a815303b686d,2024-10-03 07:30:15,Cycling,,29.38,1:21:04,2:46,21.75,689.0,361,,"","",2024-10-03-073015.gpx
02ccd836-90f8-4b4a-ad05-961645914e11,2024-10-02 07:05:48,Running,,3.02,17:06,5:40,10.58,251.0,28,,"","",2024-10-02-070548.gpx
3d2ffce5-27d2-4781-bb36-124f41cb46a3,2024-10-02 06:54:15,Cycling,,1.40,8:14,5:53,10.20,57.0,47,,"","",2024-10-02-065415.gpx
6d7d9ea8-1455-4322-a888-c7012874710f,2024-10-01 08:53:58,Running,,3.02,16:49,5:34,10.78,253.0,30,,"","",2024-10-01-085358.gpx
59c4f341-3ebb-4812-a298-a1ce48a61bcc,2024-09-30 07:27:19,Running,,3.01,14:55,4:57,12.12,247.0,28,,"","",2024-09-30-072719.gpx
48bfac25-015b-4e76-8fd9-0c6623a30086,2024-09-29 08:39:36,Running,,5.02,27:02,5:23,11.14,418.0,38,,"","",2024-09-29-083936.gpx
832d64a7-4e98-4747-8013-44b2c0144f5e,2024-09-27 06:55:54,Cycling,,25.24,1:15:32,3:00,20.05,695.0,343,,"","",2024-09-27-065554.gpx
91b998fb-3692-4d14-a149-159e4deeaea4,2024-09-26 07:01:35,Running,,3.02,14:14,4:43,12.72,224.0,22,,"","",2024-09-26-070135.gpx
c8d1c577-dcad-4480-b447-86172531692e,2024-09-25 08:37:58,Running,,3.01,15:08,5:02,11.94,249.0,29,,"","",2024-09-25-083758.gpx
7aa85563-1e47-4ef3-be8a-12364d75f886,2024-09-24 07:30:20,Running,,2.52,13:09,5:14,11.48,207.0,19,,"","1교시 가야됨",2024-09-24-073020.gpx
5472445f-197a-4ae2-9ed2-20662f27c4cc,2024-09-23 06:55:20,Running,,4.01,20:58,5:14,11.48,328.0,36,,"","",2024-09-23-065520.gpx
c92ba6c5-e135-4203-9362-a5ff6a62cf11,2024-09-22 09:41:46,Cycling,,25.89,1:14:19,2:52,20.90,677.0,259,,"","",2024-09-22-094146.gpx
e3c604a8-f3ff-44e7-a5d2-1ef36029d56a,2024-09-21 06:56:41,Walking,,3.01,27:14,9:03,6.63,238.0,72,,"","종깅 플 걷기",2024-09-21-065641.gpx
cde42c0a-a961-408e-9143-693c74473151,2024-09-20 06:51:24,Running,,3.02,17:05,5:39,10.60,242.0,20,,"","",2024-09-20-065124.gpx
ee1467e2-006b-43c8-bb8a-3497f66f22d4,2024-09-19 06:46:43,Running,,3.01,18:07,6:01,9.97,244.0,14,,"","",2024-09-19-064643.gpx
23690a6c-d5ff-4e45-a384-736ace06a6dd,2024-09-18 07:18:37,Running,,4.01,22:46,5:40,10.58,337.0,44,,"","",2024-09-18-071837.gpx
a06d0ea7-1ad5-4aa3-81b4-ed89aa466db6,2024-09-17 07:16:00,Walking,,3.97,44:50,11:18,5.31,248.0,116,,"","집가는게 더 오래걸리는거 맞냐",2024-09-17-071600.gpx
2c4409c6-3810-44ee-9608-a639d9d0a3ce,2024-09-17 06:48:13,Running,,4.01,22:30,5:36,10.70,336.0,40,,"","",2024-09-17-064813.gpx
b953f02d-1c41-4564-af99-0b005deffbd3,2024-09-16 07:40:24,Walking,,0.95,13:01,13:40,4.39,71.0,58,,"","",2024-09-16-074024.gpx
e12d1cee-ceda-4307-a97d-a75841746eac,2024-09-16 06:50:39,Running,,4.52,25:14,5:35,10.74,383.0,59,,"","",2024-09-16-065039.gpx
55640da7-4539-489e-8b70-92413f113c22,2024-09-10 21:22:01,Running,,5.04,31:07,6:11,9.71,431.0,77,,"","",2024-09-10-212201.gpx
595fe27c-749d-4f3c-b9f6-d1ab07730e16,2024-09-10 20:54:18,Running,,1.57,11:41,7:27,8.06,131.0,27,,"","",2024-09-10-205418.gpx
44759279-6e69-4aee-a558-8bd33a8bc184,2024-09-08 22:10:49,Cycling,,11.33,43:35,3:51,15.59,319.0,225,,"","",2024-09-08-221049.gpx
7237b569-6739-4b3f-9e15-452e5046df00,2024-09-08 21:44:53,Running,,3.01,16:46,5:34,10.77,260.0,46,,"","",2024-09-08-214453.gpx
1d299319-2e49-462a-a72c-54117a4ea9ff,2024-09-08 21:15:30,Cycling,,6.46,28:02,4:21,13.82,197.0,88,,"","",2024-09-08-211530.gpx
922198fa-9f51-4ebc-b8f4-3bec1d709512,2024-09-04 19:32:59,Cycling,,9.26,53:19,5:45,10.43,343.0,205,,"","",2024-09-04-193259.gpx
afd830c8-fda7-4f97-809f-e05ad8604fe8,2024-09-03 20:23:38,Running,,2.02,10:57,5:26,11.05,176.0,35,,"","",2024-09-03-202338.gpx
cc5423e0-03cf-432d-b366-f7be851836e9,2024-09-03 19:58:00,Running,,2.64,14:12,5:23,11.15,226.0,37,,"","",2024-09-03-195800.gpx
53010b64-6e42-47fe-93e7-fc8ef9af5868,2024-08-28 09:54:34,Hiking,,9.57,3:13:04,20:11,2.97,834.0,254,,"","",2024-08-28-095434.gpx
09553705-c438-426f-9cef-1d3e9f22718e,2024-08-27 13:59:36,Hiking,,3.29,59:15,18:00,3.33,261.0,38,,"","",2024-08-27-135936.gpx
159a29c8-a2a5-4bb8-9479-278ad6ee4962,2024-08-27 09:42:16,Hiking,,4.62,1:06:31,14:23,4.17,344.0,60,,"","",2024-08-27-094216.gpx
e95145a1-2ef5-4e18-aca0-fd68985d7a94,2024-08-26 10:53:08,Hiking,,4.65,1:05:13,14:01,4.28,321.0,28,,"","",2024-08-26-105308.gpx
cc435c64-f3ed-4f45-8c32-4047d82d3bc5,2024-08-13 20:34:48,Cycling,,35.47,1:40:44,2:50,21.13,938.0,453,,"","",2024-08-13-203448.gpx
f642b46f-307b-4f2d-bb93-7089e963e5b3,2024-08-11 19:16:05,Cycling,,42.87,2:10:59,3:03,19.64,1188.0,476,,"","",2024-08-11-191605.gpx
96a46166-29ab-465c-a5b3-0859ba804d11,2024-08-06 19:00:04,Cycling,,35.32,1:51:42,3:10,18.97,1016.0,450,,"","",2024-08-06-190004.gpx
aa438482-c0c5-4541-801e-0def36b6d33b,2024-07-26 22:42:42,Running,,3.01,23:53,7:56,7.56,244.0,78,,"","",2024-07-26-224242.gpx
e57a9ab7-2ce2-4d10-9408-bfb40e7ce8d1,2024-07-22 17:40:23,Running,,1.02,4:54,4:48,12.49,83.0,6,,"","",2024-07-22-174023.gpx
bb29833e-36d3-48d0-a892-14d33d9ed566,2024-07-15 06:26:56,Running,,1.51,8:34,5:40,10.57,134.0,41,,"","",2024-07-15-062656.gpx
83878950-0ff4-4ee6-a0a6-821dbd0e3697,2024-07-03 20:16:40,Cycling,,28.22,2:00:32,4:16,14.05,878.0,607,,"","",2024-07-03-201640.gpx
6e3beae8-581b-4cd6-97eb-1275776dc453,2024-06-30 21:24:02,Cycling,,16.80,1:04:06,3:49,15.72,561.0,261,,"","",2024-06-30-212402.gpx
953d1787-eaa9-45ee-97e2-392f20a23af3,2024-06-24 21:19:45,Running,,3.01,17:16,5:44,10.48,248.0,18,,"","",2024-06-24-211945.gpx
474396f4-f335-4d50-b59c-0fabbb1b129b,2024-06-22 13:26:08,Running,,1.02,6:03,5:57,10.07,92.0,28,,"","",2024-06-22-132608.gpx
8a9abe0f-743b-410b-a766-97b857d972bb,2024-06-17 20:22:21,Cycling,,33.20,1:36:07,2:54,20.73,897.0,382,,"","",2024-06-17-202221.gpx
77fe434d-5e23-45ce-8e48-837bb3855f56,2024-06-16 11:10:49,Running,,1.06,6:36,6:15,9.60,90.0,26,,"","",2024-06-16-111049.gpx
f9cf0f3e-5272-4708-8934-285e228c9bb9,2024-06-12 07:45:58,Running,,1.29,8:42,6:43,8.92,122.0,70,,"","",2024-06-12-074558.gpx
f11fc9dc-d33f-4536-ba7e-29f063cdf8aa,2024-06-02 10:00:56,Running,,1.01,6:39,6:35,9.12,86.0,23,,"","",2024-06-02-100056.gpx
bebf0ef6-9a3f-4155-a542-0d4198007e3e,2024-05-07 21:09:02,Cycling,,31.40,1:35:30,3:03,19.72,722.0,275,,"","",2024-05-07-210902.gpx
96868ded-da28-4ecc-883d-b3fb9e77ec35,2024-03-27 19:01:11,Cycling,,25.40,1:19:31,3:08,19.17,681.0,262,,"","",2024-03-27-190111.gpx
66619bd1-27ac-46e7-99f6-7a8c02c46c32,2024-03-18 20:01:09,Cycling,,26.06,1:16:27,2:56,20.45,634.0,266,,"","",2024-03-18-200109.gpx
223c26f1-77b3-48e4-b3f6-9a018448b532,2024-03-09 17:12:45,Cycling,,30.75,1:37:39,3:11,18.89,823.0,321,,"","",2024-03-09-171245.gpx
0fbead13-a201-412a-b362-ccd28ed3e157,2024-03-06 20:36:42,Cycling,,25.84,1:17:21,3:00,20.04,651.0,253,,"","",2024-03-06-203642.gpx
ee60c5f7-5e47-4b98-9cdf-fbb1a77edcc5,2024-03-04 21:10:32,Cycling,,26.20,1:13:10,2:48,21.48,660.0,264,,"","",2024-03-04-211032.gpx
90043292-3a12-484b-aa22-b76e7c8f44c7,2024-03-03 20:54:41,Running,,2.43,14:34,6:00,9.99,217.0,65,,"","",2024-03-03-205441.gpx
35937597-ded1-430a-83e6-9448f0aba657,2024-02-28 18:16:39,Cycling,,25.74,1:21:21,3:10,18.99,692.0,255,,"","",2024-02-28-181639.gpx
2ee05ad5-bb6e-4c97-a391-10320ab075c4,2024-02-26 20:17:20,Cycling,,33.02,1:41:46,3:05,19.46,911.0,337,,"","",2024-02-26-201720.gpx
c43671f3-4629-4530-8240-26a66bcd5e7b,2024-02-16 19:44:06,Cycling,,32.37,1:48:43,3:22,17.86,913.0,352,,"","",2024-02-16-194406.gpx
1b7b4d1e-4269-4587-aa62-86fdc3aa7d97,2024-02-06 19:59:25,Cycling,,32.36,1:58:23,3:40,16.40,983.0,455,,"","",2024-02-06-195925.gpx
655b95e0-94bf-4c1f-a280-6007e9290d33,2024-01-07 20:09:14,Running,,21.26,2:12:46,6:15,9.61,1687.0,312,,"","",2024-01-07-200914.gpx
ae18cf67-5319-449f-b1e2-b401d1ac5d36,2024-01-04 22:27:50,Running,,3.35,18:03,5:23,11.14,311.0,141,,"","",2024-01-04-222750.gpx
6e97aa75-29c3-4bac-a676-4d9f25032cad,2024-01-03 22:08:51,Running,,3.04,18:07,5:58,10.04,262.0,66,,"","",2024-01-03-220851.gpx
90de1bad-822b-4080-b585-b0bd22e9d1f7,2023-12-10 23:03:13,Running,,1.52,7:34,4:59,12.06,133.0,38,,"","",2023-12-10-230313.gpx
33d729f9-bcaa-47e6-9ab0-f1f90b13437d,2023-12-07 22:03:00,Running,,3.01,14:17,4:44,12.65,266.0,85,,"","",2023-12-07-220300.gpx
4a86290f-77e5-4ffa-ad84-c3122aadb16d,2023-12-04 22:29:11,Running,,1.53,7:32,4:57,12.12,139.0,47,,"","",2023-12-04-222911.gpx
ae0ac6f1-57c1-4c48-8579-efb2c5870aa9,2023-12-01 20:29:46,Running,,1.52,7:06,4:41,12.81,138.0,46,,"","",2023-12-01-202946.gpx
b0a420ee-101b-4e8a-a130-299f2c98a9d7,2023-12-01 20:18:14,Running,,1.53,7:10,4:43,12.74,136.0,40,,"","",2023-12-01-201814.gpx
5211ebb5-149e-4524-bd5c-9edcbddb7873,2023-11-29 21:35:09,Cycling,,6.59,30:01,4:33,13.16,206.0,183,,"","",2023-11-29-213509.gpx
03302ca1-48aa-4607-b8e3-8f9f7bca2f35,2023-11-28 22:07:57,Running,,3.01,18:00,5:58,10.05,259.0,76,,"","",2023-11-28-220757.gpx
a6ccce7a-443f-4d53-af63-5292fc9d1866,2023-11-25 22:24:02,Running,,3.01,16:57,5:38,10.64,273.0,81,,"","",2023-11-25-222402.gpx
b701fd18-25bb-4f4f-b81f-74fa5713803e,2023-11-22 22:33:13,Running,,3.02,15:50,5:15,11.45,276.0,91,,"","",2023-11-22-223313.gpx
ae1b9a67-ebe2-47a9-8cdb-95bb231cc147,2023-11-18 22:16:58,Running,,3.01,16:25,5:28,10.98,273.0,86,,"","",2023-11-18-221658.gpx
580e0ff9-506e-4903-8e48-4b403473c770,2023-11-16 22:22:32,Running,,3.01,17:51,5:56,10.11,273.0,85,,"","",2023-11-16-222232.gpx
4989fee1-99e3-4dac-9fbe-d01d87f84550,2023-11-15 22:25:33,Running,,3.02,16:26,5:26,11.03,269.0,74,,"","",2023-11-15-222533.gpx
4ec45aca-948e-4810-82c0-041e7eb8e941,2023-11-14 22:18:48,Running,,4.01,23:50,5:56,10.10,365.0,113,,"","",2023-11-14-221848.gpx
afa0c204-6017-41f2-af56-dea37651e454,2023-11-03 22:17:42,Running,,2.09,12:25,5:56,10.10,189.0,56,,"","",2023-11-03-221742.gpx
3c431953-a830-4da1-a5a4-589d5e2426cf,2023-10-22 22:28:51,Running,,0.25,1:16,5:12,11.53,23.0,9,,"","",2023-10-22-222851.gpx
c7b37fe5-2188-43d1-8687-be4568772e84,2023-10-21 21:01:02,Cycling,,7.20,27:55,3:53,15.47,200.0,201,,"","",2023-10-21-210102.gpx
6d2316ea-e162-4b49-a1d9-cb2b765bc420,2023-10-19 23:56:12,Cycling,,5.06,18:46,3:43,16.17,142.0,142,,"","",2023-10-19-235612.gpx
5471f260-6089-4f38-bbdb-bf679a68bbe4,2023-10-17 22:41:44,Running,,0.37,1:50,5:04,11.85,26.0,5,,"","",2023-10-17-224144.gpx
6c0b052d-2768-4fbe-a917-b5bd250f8f56,2023-10-16 22:20:19,Running,,1.38,8:24,6:04,9.89,123.0,38,,"","",2023-10-16-222019.gpx
7b577df2-a0eb-4826-80ab-c04dc29e3cd4,2023-10-12 22:00:52,Running,,2.01,11:43,5:49,10.31,181.0,55,,"","왼쪽 종아리 부상",2023-10-12-220052.gpx
bebd7656-fbdf-4a2b-8039-07bfa4f1232e,2023-10-11 22:07:05,Running,,3.02,16:35,5:29,10.94,275.0,84,,"","",2023-10-11-220705.gpx
8fe124c2-d7c9-43ec-a7db-44e3abab5f32,2023-10-09 21:46:36,Running,,3.03,18:09,6:00,10.00,276.0,89,,"","",2023-10-09-214636.gpx
47fbcbcf-1806-45eb-ab9e-80d9a4c80d87,2023-10-08 21:44:23,Running,,5.02,29:28,5:53,10.21,454.0,146,,"","",2023-10-08-214423.gpx
b83fc652-125f-45e6-91ae-283d2b63cd15,2023-10-05 21:37:32,Running,,4.01,23:17,5:48,10.34,346.0,97,,"","",2023-10-05-213732.gpx
ca4104ba-3ae0-4c41-ac66-528241fb0dfa,2023-10-03 09:59:34,Hiking,,4.33,1:47:46,24:55,2.41,433.0,147,,"","",2023-10-03-095934.gpx
6a32f063-313f-4a83-b78c-92c0bf81169a,2023-10-02 22:10:15,Running,,3.01,16:50,5:36,10.72,273.0,83,,"","",2023-10-02-221015.gpx
e55a1eb9-e096-4919-aa2c-23c8f0485e63,2023-09-30 19:07:30,Running,,3.02,15:58,5:18,11.33,270.0,82,,"","",2023-09-30-190730.gpx
97d013da-b55d-4a79-ac91-92d3d82c4721,2023-09-24 21:09:27,Cycling,,28.49,1:17:27,2:43,22.07,723.0,321,,"","",2023-09-24-210927.gpx
e8b0334a-be9a-4a35-824a-86fc0743f9af,2023-09-23 09:56:59,Running,,3.01,16:26,5:28,10.99,274.0,85,,"","",2023-09-23-095659.gpx
7d69ffe0-f5df-4cd6-9fe2-842fb3d7c3e0,2023-09-19 22:57:27,Running,,3.02,20:16,6:43,8.92,255.0,83,,"","",2023-09-19-225727.gpx
aa1a26a5-7bcb-4db7-9abd-670bc99fcd33,2023-09-18 22:06:56,Running,,3.01,17:21,5:46,10.40,252.0,68,,"","",2023-09-18-220656.gpx
47e73a0e-b61c-4496-8f2c-602e5365b961,2023-09-15 19:25:15,Running,,3.02,17:06,5:40,10.59,276.0,88,,"","",2023-09-15-192515.gpx
f47d0f51-9a1b-4898-a0c8-be2d00338c0f,2023-09-12 22:28:46,Running,,1.01,6:47,6:43,8.94,83.0,21,,"","",2023-09-12-222846.gpx
5ff9189b-15a7-49c2-a65d-7c564155327e,2023-09-05 22:01:42,Running,,3.01,16:25,5:27,11.01,273.0,85,,"","",2023-09-05-220142.gpx
74db336e-8d8a-46f1-b556-ffbb86cdb54a,2023-09-01 21:21:08,Running,,3.02,18:16,6:03,9.92,264.0,76,,"","",2023-09-01-212108.gpx
23b4e68f-0875-44ce-9c8f-a2954e2ba7df,2023-08-29 21:12:13,Running,,3.06,17:55,5:52,10.23,277.0,85,,"","",2023-08-29-211213.gpx
bc2d0cd9-cd79-452f-9b34-557c81087f27,2023-08-20 22:07:23,Cycling,,28.54,1:27:50,3:05,19.49,791.0,318,,"","",2023-08-20-220723.gpx
8793a292-1a23-409f-87b4-c9f0896174cb,2023-08-06 22:08:54,Cycling,,28.76,1:36:34,3:22,17.87,841.0,356,,"","",2023-08-06-220854.gpx
88f8ac78-a825-4d73-a565-528c80edea49,2023-07-24 14:05:41,Running,,0.38,1:51,4:54,12.23,26.0,7,,"","",2023-07-24-140541.gpx
b9a44f00-b6c5-4aa5-8f96-15bbb717a6b7,2023-07-20 22:15:21,Running,,1.13,7:31,6:41,8.98,95.0,25,,"","",2023-07-20-221521.gpx
7d872728-1fd4-4735-94ec-fb36dc6b75ac,2023-07-17 22:11:58,Running,,3.01,17:59,5:58,10.05,263.0,74,,"","",2023-07-17-221158.gpx
c53b2215-f119-4e78-8c2c-59f030b23b26,2023-07-15 21:52:23,Running,,5.02,30:45,6:08,9.78,433.0,122,,"","",2023-07-15-215223.gpx
280c0b1b-abc8-4b22-a205-1aacc1a74496,2023-07-13 22:12:06,Running,,3.02,16:04,5:19,11.28,267.0,86,,"","",2023-07-13-221206.gpx
4a6ba87e-ca95-4f54-86af-094216c28790,2023-07-11 21:36:08,Running,,3.02,16:13,5:23,11.15,276.0,87,,"","",2023-07-11-213608.gpx
6361513f-a519-4760-a6b0-6bcfb47d93c9,2023-07-10 22:19:43,Running,,3.02,15:47,5:14,11.47,251.0,73,,"","",2023-07-10-221943.gpx
f80ac61d-5283-4da9-8183-2a1446eed90d,2023-07-08 22:17:17,Running,,3.08,16:55,5:30,10.91,281.0,90,,"","",2023-07-08-221717.gpx
ccfc83d4-d3b8-41c0-adb4-a96c8805878e,2023-07-06 21:52:49,Running,,3.01,18:20,6:05,9.86,265.0,81,,"","",2023-07-06-215249.gpx
3597873a-a904-423d-9bbd-8acd91c6fc78,2023-07-06 21:51:45,Running,,0.28,0:44,2:43,22.10,13.0,4,,"","",2023-07-06-215145.gpx
8126f28a-be6c-43fc-bedf-14bddf460a2f,2023-07-05 22:20:24,Running,,3.33,18:19,5:30,10.91,297.0,88,,"","",2023-07-05-222024.gpx
020dac84-2a9c-4c5d-bed2-3ea3468ab192,2023-07-02 22:19:10,Running,,3.01,16:10,5:22,11.18,275.0,90,,"","",2023-07-02-221910.gpx
7751b955-8ad4-416c-85d1-35169af3f2a6,2023-06-30 21:43:36,Running,,0.26,1:59,7:37,7.87,20.0,3,,"","",2023-06-30-214336.gpx
3a32d3b4-ed52-45f7-ba51-f48f1a937c04,2023-06-30 21:15:41,Running,,3.03,16:28,5:26,11.03,262.0,83,,"","",2023-06-30-211541.gpx
e4cfc239-ac81-4ff1-9856-e3b36ca99032,2023-06-28 17:16:28,Running,,3.01,17:34,5:50,10.28,266.0,84,,"","",2023-06-28-171628.gpx
019c1c63-c01d-4572-bb87-7089c417dbcc,2023-06-25 00:00:52,Running,,3.02,18:50,6:15,9.61,262.0,76,,"","",2023-06-25-000052.gpx
5b110515-5d6d-46e2-8a31-12be19df2e94,2023-06-22 21:55:24,Running,,1.01,5:26,5:24,11.11,86.0,26,,"","",2023-06-22-215524.gpx
f2a3225f-ede9-4972-9b66-94e0eccfe2fc,2023-06-22 21:34:16,Running,,2.57,13:43,5:20,11.25,231.0,68,,"","",2023-06-22-213416.gpx
e0d88382-6b5b-4a28-9f17-77bcbc0b3299,2023-06-14 20:27:35,Running,,3.03,17:54,5:55,10.14,264.0,75,,"","",2023-06-14-202735.gpx
644e587c-989c-478e-946f-0e7559bef798,2023-05-19 21:38:09,Running,,2.94,19:08,6:30,9.23,247.0,71,,"","",2023-05-19-213809.gpx
2422d5b9-6ffe-4924-80a5-cac040125ed0,2023-05-14 21:15:33,Cycling,,31.33,1:33:15,2:59,20.15,912.0,432,,"","",2023-05-14-211533.gpx
d40d941b-9957-4c5e-91a6-841458285e01,2023-05-13 10:50:52,Running,,1.02,4:23,4:18,13.95,80.0,21,,"","",2023-05-13-105052.gpx
b2da85ec-900c-49cc-a57e-be3c0ec65c5d,2023-05-11 10:20:59,Cycling,,4.80,24:56,5:12,11.54,163.0,102,,"","",2023-05-11-102059.gpx
3a2ce8b4-c3c0-4636-afaa-57c798b8bc71,2023-05-10 21:41:21,Running,,2.04,10:58,5:23,11.13,179.0,47,,"","",2023-05-10-214121.gpx
7e0ec9a8-bed1-4653-a980-52b0a0119df3,2023-04-17 23:01:59,Running,,1.01,4:49,4:47,12.56,89.0,24,,"","",2023-04-17-230159.gpx
7cd33682-1dca-4bbd-8dce-68df9e470a21,2023-04-14 23:37:08,Running,,1.02,4:25,4:22,13.76,90.0,26,,"","",2023-04-14-233708.gpx
1b8d359d-0d7f-4635-b19c-30ee2d452f29,2023-04-14 23:28:42,Running,,1.27,7:31,5:55,10.15,112.0,35,,"","",2023-04-14-232842.gpx
c6c7cb78-ee7c-498d-a40e-f47a44960c63,2023-03-26 15:15:58,Running,,2.03,17:23,8:35,7.00,134.0,23,,"","",2023-03-26-151558.gpx
501d6510-694b-478d-a632-742e130ab59c,2023-03-23 22:51:59,Running,,1.02,5:49,5:43,10.50,82.0,28,,"","",2023-03-23-225159.gpx
6b6f2998-9b5f-464b-a44d-1c587814bcfa,2023-03-20 22:50:43,Running,,3.02,16:48,5:34,10.79,255.0,84,,"","",2023-03-20-225043.gpx
1cb96488-97d8-49e3-9b7c-9e69263fb8ac,2023-02-20 21:45:21,Running,,3.04,17:49,5:52,10.22,249.0,85,,"","",2023-02-20-214521.gpx
90376079-7d85-4868-8690-30fe91dff979,2023-02-07 17:02:07,Cycling,,28.67,1:32:41,3:14,18.56,755.0,374,,"","",2023-02-07-170207.gpx
348ee9ba-ab6e-400a-a828-e98cbefca38e,2023-02-02 17:32:09,Cycling,,21.81,1:16:34,3:31,17.08,601.0,302,,"","",2023-02-02-173209.gpx
9873bf6b-d195-4d96-a61a-d06c5090a855,2022-12-11 21:22:54,Running,,0.35,1:18,3:46,15.93,29.0,11,,"","",2022-12-11-212254.gpx
1e723717-d3eb-4fb0-b9e7-9ffafdc9348e,2022-12-11 21:00:25,Running,,3.04,16:58,5:35,10.76,243.0,79,,"","",2022-12-11-210025.gpx
